{"accuracy": [0.5084033608436584, 0.6134454011917114, 0.6848739385604858, 0.6876750588417053, 0.7184873819351196, 0.7282913327217102, 0.7478991746902466, 0.7464985847473145, 0.7647058963775635, 0.7689075469970703, 0.8067227005958557, 0.8011204600334167, 0.8039215803146362, 0.8095238208770752, 0.8053221106529236], "loss": [0.9476651549339294, 0.8099507093429565, 0.6664603352546692, 0.642261266708374, 0.5752161741256714, 0.6087438464164734, 0.5078802704811096, 0.5441953539848328, 0.504779577255249, 0.46485239267349243, 0.4387431740760803, 0.4459145665168762, 0.4394672214984894, 0.4119022786617279, 0.42289409041404724], "precision": [0.399433434009552, 0.5058139562606812, 0.579250693321228, 0.5830903649330139, 0.6144927740097046, 0.628742516040802, 0.6470588445663452, 0.6451612710952759, 0.6686747074127197, 0.6791277527809143, 0.7246835231781006, 0.715624988079071, 0.7215189933776855, 0.7195122241973877, 0.7281553149223328], "recall": [0.5035714507102966, 0.6214285492897034, 0.7178571224212646, 0.7142857313156128, 0.7571428418159485, 0.75, 0.7857142686843872, 0.7857142686843872, 0.7928571701049805, 0.7785714268684387, 0.8178571462631226, 0.8178571462631226, 0.8142856955528259, 0.8428571224212646, 0.8035714030265808], "val_accuracy": [0.6853932738304138, 0.7640449404716492, 0.7134831547737122, 0.7696629166603088, 0.7415730357170105, 0.7696629166603088, 0.7921348214149475, 0.7977527976036072, 0.7584269642829895, 0.7752808928489685, 0.7584269642829895, 0.7865168452262878, 0.7865168452262878, 0.8033707737922668, 0.7921348214149475], "val_loss": [0.6452322602272034, 0.6124283671379089, 0.5949286222457886, 0.5773797035217285, 0.564274251461029, 0.5415021181106567, 0.5270020365715027, 0.5113676190376282, 0.5253609418869019, 0.5062920451164246, 0.5056880712509155, 0.4993230402469635, 0.4818538725376129, 0.46491605043411255, 0.4699210226535797], "val_precision": [0.625, 0.71875, 0.6610169410705566, 0.698630154132843, 0.6714285612106323, 0.6790123581886292, 0.6987951993942261, 0.7297297120094299, 0.6483516693115234, 0.6829268336296082, 0.6800000071525574, 0.699999988079071, 0.7222222089767456, 0.7160493731498718, 0.7088607549667358], "val_recall": [0.5, 0.6571428775787354, 0.5571428537368774, 0.7285714149475098, 0.6714285612106323, 0.7857142686843872, 0.8285714387893677, 0.7714285850524902, 0.8428571224212646, 0.800000011920929, 0.7285714149475098, 0.800000011920929, 0.7428571581840515, 0.8285714387893677, 0.800000011920929], "learning_rate": [9.999999747378752e-05, 9.999999747378752e-05, 9.999999747378752e-05, 9.999999747378752e-05, 9.999999747378752e-05, 9.999999747378752e-05, 9.999999747378752e-05, 9.999999747378752e-05, 9.999999747378752e-05, 9.999999747378752e-05, 9.999999747378752e-05, 9.999999747378752e-05, 9.999999747378752e-05, 9.999999747378752e-05, 9.999999747378752e-05]}